attemps,ishometeam,Corners,Offsides,Ball_Posession,Yellow_cards,Red_cards,Fouls_suffered,passes_attemted,passes_completed,pass_completion_rate,diameter,largest_cliques,countmax_cliques,reciprocity,global_clustering,diversity,hubs,authorities,pagerank_max,pagerank_mean,pagerank_median,assortativity,AverageNeighborhood,degree_centralization,betweenness_centralization,closeness_centralization,label
29,1,9,2,0.66,0,0,13,596,486,0.82,8,8,3,0.803921568627451,0.696969696969697,1.7531520984465558,0.0995923489643934,0.12038925661946451,0.14064115295771318,0.07142857142857142,0.07266313765110906,-0.3098541936715424,8.681266749123893,15.692307692307692,0.5576923076923076,9.813247172484818,1
2,0,0,1,0.34,2,0,8,197,105,0.53,14,5,1,0.5,0.4316546762589928,1.53639055670476,0.09691936604768205,0.10297891410973427,0.1410824653195897,0.07142857142857141,0.07127589512966356,-0.088192323661513,4.440476190476191,9.846153846153847,0.9551282051282052,7.242242398328053,0
11,1,5,1,0.42,3,1,11,295,227,0.77,6,7,2,0.7088607594936709,0.6041666666666666,1.519382664642301,0.1098936471969512,0.10870741191383045,0.1459038801333621,0.07692307692307693,0.06352341902445718,-0.19559087591583213,6.3533494283494285,13.166666666666666,0.7803030303030303,8.018357939901888,1
14,0,5,0,0.58,3,0,10,516,443,0.86,4,10,1,0.75,0.7177242888402626,1.831736916334456,0.11217345991766164,0.12694947593325975,0.13374272168842183,0.07142857142857142,0.06545895394354605,-0.17510873481904526,8.844155844155846,17.23076923076923,0.4487179487179486,10.303724998771438,0
17,1,5,1,0.43,2,0,13,390,301,0.77,6,7,8,0.8,0.6597402597402597,1.8572007905858023,0.08086807105343753,0.09714832757939271,0.12471075884662475,0.06666666666666667,0.06911697982535106,0.03740925559993728,7.320620490620491,14.999999999999998,0.7307692307692308,9.4861038919512,1
4,0,1,1,0.57,1,0,18,535,443,0.83,5,10,1,0.7735849056603774,0.7517241379310344,1.851090057933418,0.10496928054039954,0.11390448119880772,0.13362243729007986,0.07692307692307691,0.08289325778677512,-0.2867525522465104,8.989729714729714,17.666666666666664,0.37878787878787884,10.057812517719638,0
20,1,6,0,0.42,0,0,12,272,203,0.75,5,9,1,0.5909090909090909,0.6684981684981685,1.7337055336333633,0.09492323153426552,0.10011641898732922,0.13138341982186355,0.07142857142857142,0.0786572107411217,-0.20888624729030644,7.2695294784580495,13.538461538461538,0.5384615384615384,8.936454365880602,1
10,0,4,0,0.58,1,0,11,466,376,0.81,5,9,3,0.8333333333333334,0.7461538461538462,2.0816136841535027,0.09240984955840317,0.0989696047713178,0.10635441277725767,0.07142857142857142,0.08150905253663959,-0.16267611886234024,9.356385281385283,18.461538461538463,0.4166666666666667,10.539169875009154,0
16,1,8,3,0.44,0,0,5,516,428,0.83,5,7,8,0.8,0.6268191268191268,1.755755250770733,0.08354908806631435,0.09192441155716288,0.12556221437782264,0.06666666666666667,0.05978270913228434,-0.25291006857127846,8.996282051282053,17.142857142857142,0.5,10.600657362634074,0
6,0,3,4,0.56,2,0,18,599,536,0.89,6,9,1,0.8571428571428571,0.7166030534351145,1.7817463760085674,0.09163451825703961,0.10341648125198404,0.134540655271404,0.0625,0.053994686864414915,-0.2584226135550953,9.028066031191031,16.8,0.5238095238095237,10.609043128714685,1
10,1,3,2,0.43,6,0,8,384,303,0.79,5,9,1,0.7130434782608696,0.5823389021479713,1.81554135643034,0.08700797352196292,0.07935230397040981,0.09870038787668947,0.0625,0.06753455555484207,-0.011972585411537628,7.918686868686869,15.333333333333336,0.6333333333333335,10.507074138883638,1
11,0,4,8,0.57,2,0,15,594,498,0.84,5,9,2,0.8346456692913385,0.7281818181818182,1.9901447876722744,0.083879990361913,0.08168721023511748,0.12413283521051893,0.06666666666666667,0.07348771080518701,-0.24445190133073122,9.441357346357346,18.14285714285714,0.4945054945054946,10.767641586140039,0
11,1,3,2,0.48,1,0,15,450,347,0.77,5,9,1,0.7107438016528925,0.5991561181434599,1.8978547823041727,0.08000523690151176,0.08937535279471054,0.1302676206575568,0.0625,0.05633163545844942,-0.1904361769327596,8.649322725885227,16.133333333333336,0.6095238095238095,10.635524004345514,0
14,0,3,8,0.52,2,0,5,443,367,0.83,5,7,9,0.782608695652174,0.6505494505494506,1.921532535942939,0.0912059286513833,0.09941671760785686,0.10223824645007318,0.06666666666666667,0.0801742153968007,-0.07958793780011486,8.46537037037037,16.428571428571427,0.5384615384615383,10.40562404228039,1
6,1,4,0,0.49,6,1,17,441,362,0.82,5,7,4,0.7157894736842105,0.6324921135646687,1.7295275379327917,0.10018429967657393,0.11570262807579784,0.1506166934487166,0.07142857142857141,0.06415880209864118,-0.07247668832124798,7.3302437641723355,14.615384615384613,0.6346153846153845,9.290354808590102,0
16,0,4,4,0.51,1,0,18,403,329,0.82,4,6,34,0.8288288288288288,0.6719457013574661,1.9210284124023924,0.09851417843775148,0.10516148045628389,0.1254547771740927,0.07142857142857142,0.07071719460278278,-0.22629101095567536,8.887136672850959,17.07692307692308,0.46794871794871795,10.158060833028864,1
15,1,10,2,0.51,3,0,7,422,303,0.72,5,7,1,0.8064516129032258,0.5831643002028397,1.8430704021231281,0.08044640326423835,0.07773539063665563,0.11447513264007189,0.0625,0.05586925876584328,-0.1705975634075597,8.46185325091575,16.53333333333333,0.5761904761904764,10.787505603981575,1
9,0,4,2,0.49,2,0,8,419,318,0.76,6,7,4,0.8172043010752689,0.6797583081570997,1.8055043682198182,0.10031284646518522,0.0993253471990186,0.13049805513000556,0.07142857142857142,0.07851375026998406,-0.23796368384204675,7.919501133786847,14.307692307692307,0.5576923076923077,8.804193712827109,0
22,1,12,2,0.65,1,0,10,637,535,0.84,5,8,2,0.8225806451612904,0.6875,1.8325066135819719,0.09405106442183296,0.09094450940463877,0.12676101901903092,0.06666666666666668,0.07510253827377103,-0.21239707603737104,9.35072705072705,17.71428571428571,0.48351648351648346,10.8098102032575,0
7,0,3,1,0.35,3,0,10,224,142,0.63,5,8,1,0.65,0.6413934426229508,1.7347788896308398,0.09281005948267698,0.09440830312637905,0.14449147773465976,0.07142857142857142,0.06771325086114069,-0.07152477526262714,6.055102040816327,12.307692307692308,0.6153846153846153,7.802857137791878,0
9,1,4,1,0.53,7,0,14,579,484,0.84,5,8,7,0.7866666666666666,0.6435935198821797,1.9701814400260846,0.06994707787709134,0.07329175280545532,0.12534186212628332,0.0588235294117647,0.05577171604493923,-0.1255448489410104,9.538515895868837,18.75,0.5458333333333334,11.642743907211672,0
26,0,6,1,0.47,4,0,18,563,456,0.81,5,9,5,0.8472222222222222,0.6992537313432836,1.965792308756922,0.08170775011614705,0.09230500039987793,0.1175965323906869,0.05882352941176469,0.05528548795988518,-0.2246556322588453,9.748578872108284,18.0,0.5125,11.271478416280445,0
20,1,6,2,0.65,3,0,12,675,558,0.83,6,8,6,0.859375,0.7134038800705468,1.909963529892431,0.08917384347254315,0.09245934727264765,0.14773324300757562,0.06249999999999999,0.061820158507178424,-0.3499027946873112,9.452126692751692,17.06666666666666,0.480952380952381,10.766082364453073,0
4,0,2,1,0.35,5,1,11,252,166,0.66,7,7,4,0.6067415730337079,0.5397111913357401,1.6554398266112371,0.08032718292927715,0.08155170862115314,0.1694758056663059,0.0625,0.06358950529888063,-0.19493033211709448,6.543774801587302,11.866666666666667,0.8380952380952381,8.639039600836826,0
12,1,5,3,0.65,2,0,20,612,552,0.9,8,9,2,0.8695652173913043,0.7689873417721519,1.957855855346839,0.09514293924389454,0.11314970255912182,0.1532827508130976,0.07142857142857142,0.07069208167467188,-0.26200697108765214,9.290615337043908,17.692307692307693,0.4551282051282051,10.389477407124465,1
17,0,4,1,0.35,3,0,7,331,276,0.83,4,8,3,0.7304347826086957,0.6192660550458715,1.8120978962812708,0.08435855285893933,0.0987975661994662,0.12130189793548524,0.06249999999999999,0.062461840176357517,-0.13004660230095652,7.732251082251083,15.333333333333336,0.5666666666666668,10.138638482346686,0
5,1,4,4,0.4,3,0,8,354,278,0.79,4,7,1,0.7288135593220338,0.5532150776053215,1.829062123814099,0.08824079663692072,0.09339580564672706,0.11531743812201928,0.0625,0.0609539367850679,-0.2533543992125317,8.430997474747475,15.733333333333333,0.6142857142857144,10.567516442815945,0
22,0,4,4,0.6,1,0,10,625,565,0.9,4,11,1,0.8641975308641975,0.743979721166033,2.098824389202263,0.08661949791147858,0.09404738595884649,0.09797886281815066,0.0625,0.05828664638097203,-0.09812491718350834,10.61755223942724,21.599999999999998,0.3714285714285714,12.267472185462493,1
11,1,7,6,0.55,2,0,9,495,414,0.84,5,7,11,0.7575757575757576,0.6048689138576779,1.8868278873233157,0.07760140624282039,0.09199928804976219,0.09932568034719613,0.0625,0.062247802528333375,-0.05182502561024371,8.57672847985348,17.6,0.519047619047619,11.126489928835467,1
8,0,4,2,0.45,2,0,12,353,259,0.73,4,7,2,0.6842105263157895,0.5601965601965602,1.8450408286414999,0.08178225274231218,0.08929014299143045,0.12347516112070994,0.06249999999999999,0.06504964500126385,-0.10804146673074486,7.931047077922078,15.2,0.6333333333333334,10.4598015778202,0
7,1,2,1,0.42,6,1,10,328,260,0.79,5,7,8,0.6481481481481481,0.5882352941176471,1.7363532549711373,0.08118837049159497,0.0981078579822348,0.13021950929858203,0.06250000000000001,0.05480717682187011,-0.1228096494595499,7.909043560606061,14.4,0.7333333333333333,10.025183953516331,0
22,0,5,1,0.58,1,0,6,590,509,0.86,5,9,2,0.8333333333333334,0.7056338028169014,2.1334411500703396,0.07520267885504062,0.07448543664561083,0.08950627522875707,0.0625,0.06154789045970122,-0.0984136769837704,10.04662126068376,20.800000000000004,0.40000000000000013,12.003826623862969,1
14,1,4,3,0.36,1,1,6,278,213,0.77,6,6,4,0.6363636363636364,0.5390334572490706,1.5607104090414063,0.09274515408565162,0.0912520893410631,0.13018714570379775,0.06666666666666667,0.06862296329007173,-0.2155189713484346,6.954603174603176,12.571428571428571,0.7747252747252746,9.261534814657665,0
15,0,6,7,0.64,1,0,8,653,572,0.88,4,10,2,0.8034188034188035,0.7840909090909091,1.8958274761716478,0.11384568360040057,0.13349505458938957,0.12658300756114765,0.07692307692307693,0.07069619829945707,-0.21300618767958102,9.282417582417581,19.5,0.29545454545454547,10.609665566631511,1
9,1,5,9,0.61,4,0,13,508,429,0.84,5,8,2,0.88,0.7448979591836735,1.8943120247335319,0.09408790267122222,0.10557761326522716,0.13757392294447937,0.0769230769230769,0.07589869250031879,-0.2260452372140368,7.938245088245088,16.666666666666668,0.33333333333333337,9.422463137352842,0
20,0,7,0,0.39,3,0,10,280,206,0.74,5,8,3,0.6382978723404256,0.625,1.6739151085779924,0.09205512287608539,0.09827241406578877,0.13384439834187256,0.0625,0.06898063233246,0.18544488963677797,6.519791666666666,12.533333333333333,0.8666666666666668,8.594132700893693,1
13,1,4,0,0.52,2,0,14,664,607,0.91,6,9,2,0.8545454545454545,0.7619565217391304,1.9291219864581604,0.09430690401247983,0.10049884324846486,0.12443782231970896,0.07692307692307693,0.08423386637390583,-0.22676034924880192,9.166514041514041,18.333333333333332,0.3484848484848485,10.18887093298858,1
13,0,1,1,0.48,2,0,10,552,499,0.9,6,8,1,0.8067226890756303,0.6359649122807017,1.791733898964007,0.08258062630551095,0.08327551167012606,0.13847041908224947,0.0625,0.05906814465576146,-0.1519787946773976,8.75397727272727,15.866666666666664,0.6285714285714287,10.62947686534643,0
7,1,2,3,0.36,4,0,11,299,246,0.82,4,7,3,0.72,0.6593567251461988,1.8482845517588111,0.0931875147406423,0.09599022281519616,0.13530617661715375,0.07142857142857142,0.07135966673320833,-0.1715421555417966,7.8278061224489806,15.384615384615381,0.4615384615384615,9.279650999155644,0
22,0,5,1,0.64,2,0,12,608,547,0.9,5,10,2,0.7555555555555555,0.7055655296229802,1.9823463896091618,0.09753878070352553,0.11063539212773832,0.12034131018337307,0.06249999999999999,0.052655622231920524,-0.0007392148837897117,9.074792568542568,18.0,0.5238095238095237,11.262879774401606,1
14,1,6,8,0.61,1,0,13,660,572,0.87,10,8,4,0.8571428571428571,0.764367816091954,1.916692947408502,0.09833213713599094,0.10658402282431159,0.12917581039523215,0.07142857142857142,0.06909603955463514,-0.13820710822912752,8.825559163059163,17.23076923076923,0.519230769230769,10.137010971055089,0
7,0,3,3,0.39,4,0,13,363,279,0.77,6,7,4,0.6530612244897959,0.5,1.6933146773712355,0.07763702414483128,0.08993978467794339,0.0859027411906351,0.06249999999999999,0.06325945546956355,0.1722979309271006,6.026176948051948,13.066666666666666,0.8857142857142858,9.05121184828831,0
9,1,5,2,0.4,1,0,13,408,345,0.85,5,8,3,0.7747747747747747,0.6314606741573033,1.8084691893770706,0.09372202994844249,0.0910350406783198,0.1641733940288283,0.07142857142857142,0.061645560987526826,-0.26922542497296126,8.422444222444224,17.07692307692308,0.4551282051282051,10.261504697572809,0
12,0,6,2,0.6,1,0,7,656,589,0.9,5,10,1,0.9264705882352942,0.8188291139240507,2.072283095947861,0.09035471078761508,0.09488070636323742,0.12276462271048974,0.06666666666666667,0.07420469489199044,-0.09168319952429188,10.102774262774263,19.428571428571427,0.46153846153846145,11.146042598325879,1
22,1,8,3,0.54,3,0,12,564,481,0.85,6,9,2,0.8253968253968254,0.6939890710382514,1.924879986792838,0.08809367383911171,0.09027717884743938,0.13149698858840606,0.06666666666666667,0.07506605012552689,-0.2756007438893228,9.243554593554594,18.0,0.5,10.710909247271477,1
12,0,5,1,0.46,4,0,10,434,352,0.81,5,9,1,0.743801652892562,0.6207983193277311,1.8082943328183156,0.0844516323555837,0.09362796001300128,0.1188188151172325,0.0625,0.06077887453986164,-0.1714287515901133,8.656333423520925,16.13333333333333,0.6333333333333333,10.61259222741285,0
17,1,3,3,0.47,1,0,5,420,368,0.88,5,9,2,0.7692307692307693,0.6983298538622129,1.88438940235668,0.09434230860691878,0.11062127458038763,0.13076867273059545,0.06666666666666664,0.06919549085977193,-0.28714261245643513,8.954771524771525,16.71428571428571,0.5604395604395606,10.45956937799043,0
13,0,3,1,0.53,1,0,12,441,381,0.86,6,8,3,0.7920792079207921,0.663563829787234,1.8778382404072833,0.09589469752180466,0.09765880522877025,0.12231915490455719,0.06666666666666667,0.06261208422620114,-0.17277349030080993,8.308886483886484,14.428571428571425,0.6868131868131868,9.715396041866631,1
11,1,4,0,0.49,6,1,16,398,315,0.79,8,8,1,0.7543859649122807,0.6098654708520179,1.7813622099099247,0.06945823004330035,0.08535853172852233,0.15741651532359743,0.0625,0.06417878438774786,-0.19191214225879794,7.700631313131313,15.200000000000001,0.6,9.74124513593823,0
15,0,6,1,0.51,4,0,17,436,357,0.82,5,9,1,0.7037037037037037,0.6348448687350835,1.9160917110261038,0.08869445169919776,0.09718133451132915,0.1448515584714539,0.06666666666666665,0.05644682751140842,0.008189115773168448,7.917962962962962,15.428571428571429,0.5989010989010989,10.03647749851142,0
10,1,8,0,0.56,4,0,8,476,376,0.79,4,8,6,0.7272727272727273,0.6294964028776978,1.8981462439276728,0.08141589483103316,0.0804086842863736,0.10938615607007332,0.0625,0.055173477557180495,-0.11227576675651635,9.013147095959596,17.599999999999998,0.5428571428571427,10.987676234714868,0
13,0,3,0,0.44,3,0,22,376,277,0.74,5,6,6,0.723404255319149,0.6022727272727273,1.6518175466490252,0.09241379774058484,0.09881071022701787,0.1331587337661204,0.06666666666666667,0.07680442738562002,-0.22564324935178823,7.662876382876381,13.428571428571425,0.5989010989010989,9.18326333510544,1
26,1,5,2,0.56,2,0,7,593,543,0.92,8,8,3,0.8468468468468469,0.7528735632183908,1.9127694135649975,0.09856475189219618,0.10992125928334057,0.13864601256426742,0.06666666666666668,0.06380243242107494,-0.03293202862020413,8.259764309764309,15.857142857142854,0.5164835164835164,9.909303014134949,1
12,0,5,0,0.44,1,0,12,438,372,0.85,4,8,4,0.7619047619047619,0.6586073500967118,2.0172895236746977,0.09040361019979816,0.0946969471684418,0.12800255047489748,0.0625,0.054746377687927915,-0.21183033379182392,9.273548673548673,16.8,0.580952380952381,10.90448576004842,0
4,1,1,1,0.33,0,0,9,260,170,0.65,7,6,2,0.6444444444444445,0.46577946768060835,1.5850741607377534,0.08761353509398082,0.09028618890691953,0.10468099016620933,0.06249999999999999,0.052360002736025285,-0.1349942719309033,6.490972222222222,11.999999999999998,0.8523809523809524,9.295506155513653,0
22,0,8,2,0.67,2,0,12,667,589,0.88,6,9,2,0.8807339449541285,0.7595936794582393,1.8475344105647666,0.10372224584043772,0.11530588298517938,0.13860431105063417,0.0769230769230769,0.07432446752259758,-0.17187151279586518,9.075252525252527,18.166666666666664,0.356060606060606,10.168315018315017,1
10,1,2,4,0.53,1,0,12,531,465,0.88,4,10,1,0.8,0.6808681672025724,1.9775958491304286,0.08426098002833057,0.08643853156165576,0.11357683066619034,0.06249999999999999,0.0707319795113926,-0.15140318832705588,9.717194264069265,18.666666666666668,0.4761904761904762,11.462490785787997,1
7,0,5,2,0.47,2,0,11,475,399,0.84,5,9,1,0.8175182481751825,0.6666666666666666,2.0310982087268075,0.0840896456430257,0.07780946301423487,0.10349497256055526,0.0625,0.06544589591034342,-0.22611538552694974,9.672738546176046,18.26666666666667,0.5142857142857143,11.293947842588306,0
10,1,4,1,0.4,1,0,13,357,298,0.83,7,8,5,0.7387387387387387,0.6646039603960396,1.8536604237845444,0.09312579117824432,0.0839914609544409,0.10025602511622214,0.0625,0.06431852248481897,0.0402376089885642,7.531198142135641,14.799999999999997,0.7428571428571429,9.89334063601601,1
11,0,7,5,0.6,3,0,12,636,563,0.89,6,9,2,0.816,0.7040229885057471,1.949815938902706,0.08912106660282369,0.09869097507757499,0.13052380208364475,0.06666666666666667,0.07305687834842062,-0.07941478634041634,9.141767676767676,17.857142857142854,0.47802197802197804,10.842727627811085,0
13,1,8,1,0.55,1,0,3,496,442,0.89,6,7,5,0.8297872340425532,0.6584302325581395,1.6715208900000298,0.1118842982115669,0.11209539817414635,0.13972999590136617,0.07142857142857142,0.06911004460029585,-0.3779248373189992,8.527020202020202,14.46153846153846,0.6089743589743588,9.542442660760349,0
11,0,6,1,0.45,1,0,9,483,431,0.89,6,9,4,0.8275862068965517,0.7599164926931107,1.9355507505209895,0.08788979843192295,0.09194432471451794,0.11329023832198958,0.07142857142857141,0.08224569456749847,-0.15309686688187535,9.11374458874459,17.846153846153847,0.4743589743589743,10.248826070710773,1
13,1,5,1,0.62,1,0,12,627,532,0.85,7,10,2,0.816,0.7262773722627737,2.024616737310616,0.09473724023468641,0.1026592573739782,0.1299511281775081,0.06666666666666667,0.06336951118231124,-0.1083478385500398,8.926363636363636,17.857142857142858,0.543956043956044,10.414226292426541,1
4,0,3,2,0.38,1,0,8,355,249,0.7,5,8,3,0.5925925925925926,0.5313351498637602,1.8523730676509675,0.07499880700245151,0.08744730930429681,0.12041025775472933,0.06249999999999999,0.06285584313673756,-0.14076992517684875,7.2300843253968266,14.399999999999997,0.7047619047619048,10.047623195561725,0
9,1,1,6,0.43,4,0,4,382,303,0.79,4,8,3,0.7706422018348624,0.672209026128266,1.9173199853595584,0.09637765740718747,0.09651573314637893,0.1272664778497382,0.07142857142857141,0.08134391828084797,-0.29467283092856583,8.656851680065966,16.76923076923077,0.46794871794871784,10.226512471017116,0
13,0,2,2,0.57,1,0,14,628,542,0.86,6,10,1,0.8088235294117647,0.6795952782462057,1.9302728309132828,0.07345169237015481,0.07941602407802831,0.12761831714769287,0.0625,0.06031679963510988,-0.12412647966443476,9.504085497835499,18.13333333333333,0.5428571428571428,11.231948501984844,0
13,1,10,2,0.56,2,0,8,420,346,0.82,7,8,1,0.7857142857142857,0.62625,1.7585844958018264,0.08261804299882382,0.09007012491385413,0.11907265490874033,0.0625,0.06868186768288773,0.1540759082984307,7.500678661616161,14.933333333333335,0.8238095238095239,9.619431168116146,1
9,0,4,0,0.44,2,0,15,340,280,0.82,4,8,3,0.7722772277227723,0.7043596730245232,1.8490592771328842,0.0850314791273305,0.09869156740222446,0.14298766691581571,0.07692307692307694,0.07905359716718811,-0.18810436654036375,8.161499611499611,16.833333333333332,0.41666666666666663,9.796146474784246,0
20,1,13,0,0.54,0,0,12,508,441,0.87,8,8,1,0.8031496062992126,0.6068139963167587,1.9272059610958632,0.08674260839281542,0.09305048903634913,0.13092989679367034,0.0625,0.05648755782522491,-0.2196599571133093,9.01985028860029,16.933333333333337,0.5571428571428572,10.901609041038977,1
8,0,3,0,0.46,1,0,12,438,373,0.85,6,9,1,0.8571428571428571,0.6918402777777778,1.9391006415572125,0.08575535286088398,0.06837269470067903,0.11996101715226962,0.062499999999999986,0.05853058588175597,-0.30212891600326675,9.841926302863804,17.733333333333334,0.5333333333333334,11.223042090736588,0
23,1,10,0,0.56,0,0,9,568,507,0.89,5,10,1,0.7850467289719626,0.7178571428571429,1.6275111073834538,0.09629883685119699,0.11160701534948551,0.12844299565588282,0.06249999999999999,0.06584769876597066,-0.0971801595936009,7.542055860805862,14.266666666666666,0.5476190476190477,9.571341631717436,1
10,0,0,0,0.44,2,1,15,452,395,0.87,5,9,2,0.7804878048780488,0.6856287425149701,1.8876263566159797,0.08609271155569442,0.09510960884591532,0.13699093067702126,0.0625,0.06643906186473517,-0.11337613405552588,8.264513437950939,16.4,0.580952380952381,10.168289527815276,0
16,1,7,3,0.55,3,0,5,608,570,0.94,7,9,2,0.845360824742268,0.8133514986376021,1.9069694960240213,0.11012778685026457,0.12161771829267833,0.139567992772129,0.0833333333333333,0.08699300952980282,-0.13527441538038487,8.527314814814815,17.636363636363637,0.3272727272727272,9.650686813186814,1
7,0,0,1,0.45,0,0,13,518,474,0.92,5,8,5,0.890625,0.7633451957295374,1.9633890812801709,0.09306943785927585,0.09403616017203764,0.1396652876626546,0.07142857142857142,0.06488294328083416,-0.271974029546191,9.813047270190127,19.692307692307693,0.3461538461538461,11.088194137304045,0
13,1,4,1,0.61,0,0,16,626,513,0.82,5,9,1,0.8767123287671232,0.7072271386430679,2.017900083345368,0.08188629527538252,0.08890710078292369,0.13513567930333722,0.06249999999999999,0.05572790057903229,-0.20314705995761165,10.312708125208125,19.466666666666665,0.4714285714285714,11.638633042149666,0
7,0,5,6,0.39,2,0,14,322,225,0.7,4,8,2,0.7142857142857143,0.6330409356725146,1.863679987341,0.08344325340638885,0.09861590647312105,0.15305330374908951,0.06666666666666667,0.06382940789783151,-0.12223265255511533,7.534867724867725,14.0,0.7142857142857142,9.52890270403731,1
7,1,2,3,0.37,1,1,7,314,236,0.75,7,8,3,0.6792452830188679,0.5978552278820375,1.686237322779315,0.08137786003036687,0.0959613476219823,0.12367849590567506,0.06249999999999999,0.053261424506572244,0.025800208121533354,7.093892045454546,14.133333333333335,0.7666666666666668,9.767887329743736,0
11,0,5,1,0.63,2,0,8,669,588,0.88,5,9,2,0.8513513513513513,0.7031700288184438,2.0215350300627444,0.07863093083419578,0.09581422500647829,0.11775226834291738,0.0625,0.05849261398295056,-0.2619160128617036,10.315237713675215,19.73333333333333,0.4476190476190475,11.762097662324813,1
19,1,7,1,0.5,2,0,15,395,313,0.79,5,7,4,0.7863247863247863,0.6123110151187905,1.9274975300218573,0.08589191052680571,0.08960803094084342,0.09851697133344631,0.06249999999999999,0.06010418747757009,-0.011095993285155146,7.738237283549783,15.600000000000001,0.4952380952380952,9.791176634396448,1
4,0,1,3,0.5,5,0,14,374,307,0.82,5,7,8,0.7741935483870968,0.6167023554603854,1.8313662257748802,0.07512806220296887,0.0807929841338472,0.12110676894144087,0.06249999999999999,0.05492464027175678,-0.09348500288653995,8.373299963924964,16.53333333333333,0.6000000000000001,10.830961115543495,0
9,1,2,1,0.42,6,0,11,330,253,0.77,5,5,15,0.7254901960784313,0.5170807453416149,1.7434810967917458,0.08289222148654314,0.08959507529448363,0.10471053211513609,0.06249999999999999,0.06648222044145435,-0.05350225871961885,7.1484126984127,13.6,0.7571428571428572,9.883278919148484,1
12,0,9,6,0.58,3,1,14,619,527,0.85,7,9,2,0.8695652173913043,0.7320061255742726,2.075068663979343,0.08148185388276834,0.0858488894780486,0.1346797524660822,0.06666666666666667,0.07011859442222584,-0.28628203599942376,10.452669922669921,19.71428571428571,0.3956043956043957,11.402391902603906,0
23,1,2,1,0.67,0,0,12,721,654,0.91,5,9,1,0.8545454545454545,0.7597701149425288,1.9176316080792914,0.10148632174199304,0.114018164833995,0.11372868972570825,0.07692307692307691,0.08571661511203191,-0.2688639939239513,9.006882006882005,18.333333333333332,0.3484848484848485,10.302274918064393,1
4,0,3,2,0.33,2,0,8,288,223,0.77,5,5,20,0.7912087912087912,0.5842105263157895,1.7215226590859736,0.09253719570010706,0.09841656806091859,0.13055349542770248,0.07142857142857142,0.07531528761289882,-0.2372923360628196,7.068831168831168,13.999999999999998,0.6602564102564102,9.177970533918707,0
18,1,4,4,0.48,1,0,10,520,463,0.89,5,7,4,0.773109243697479,0.5695020746887967,1.6870159817631722,0.0937652495481473,0.10219744508999458,0.17218924946029404,0.062499999999999986,0.041591420433519835,-0.22843341247592827,8.638489808802309,15.866666666666665,0.5904761904761905,10.68808862425769,0
12,0,5,1,0.52,1,0,9,595,525,0.88,7,10,1,0.8620689655172413,0.8117154811715481,1.9834206947740738,0.09333168902317023,0.10190336114452644,0.11241232110933723,0.07692307692307693,0.08309905444026443,-0.17566303870753397,9.325785325785326,19.333333333333336,0.303030303030303,10.615828031617506,1
21,1,7,3,0.66,2,0,12,668,610,0.91,5,9,1,0.8428571428571429,0.713474025974026,1.976740322741135,0.08049466513923614,0.07936800327393262,0.13998294410720538,0.062499999999999986,0.052882104412201425,-0.2924456402598664,10.105709394771894,18.666666666666664,0.4190476190476191,11.017245880045381,0
12,0,2,3,0.34,2,0,6,287,233,0.81,4,7,7,0.7294117647058823,0.6789667896678967,1.7580094665883166,0.09792276595808885,0.10369231401031627,0.1415373338427235,0.08333333333333333,0.09253005936706737,-0.16065953521539553,7.368849206349208,15.454545454545453,0.42727272727272725,8.989564928535515,0
8,1,4,0,0.39,2,0,10,294,227,0.77,6,7,4,0.625,0.5087108013937283,1.64282259771956,0.09040102970173085,0.09149474261652368,0.12433105859818352,0.06249999999999999,0.05518527467954605,-0.1447730230737549,6.597693452380953,12.8,0.8047619047619048,9.620544862948497,0
22,0,3,7,0.61,2,0,13,549,490,0.89,5,9,2,0.8088235294117647,0.6858638743455497,1.99524254099478,0.08043607598279061,0.09340294055998588,0.13789044325017688,0.0625,0.06155677871348064,-0.07768803620489342,9.149019903707405,18.133333333333333,0.5000000000000001,11.342483285473593,1
11,1,11,2,0.59,1,0,7,729,643,0.88,6,9,4,0.8372093023255814,0.7190812720848057,1.9025264981284367,0.09018911485690309,0.07673798177703128,0.12644136295740696,0.06666666666666667,0.06571577461820621,-0.2875167087411751,9.947777777777778,18.428571428571427,0.4450549450549451,11.073167276479971,1
3,0,0,2,0.41,0,0,17,437,367,0.84,6,7,1,0.7254901960784313,0.5685483870967742,1.6823993649394442,0.08220656602853568,0.09708455232780536,0.14098620780183943,0.062499999999999986,0.06517232582357262,-0.1310052388145821,7.187019230769231,13.6,0.6428571428571428,9.64020326596124,0
19,1,3,7,0.6,1,0,9,600,483,0.8,4,9,4,0.7938931297709924,0.6949910554561717,1.9742928812259715,0.08187045186913292,0.08203394159414608,0.1257800119611915,0.06666666666666668,0.06347030909745321,-0.17223582217000757,9.299726754726754,18.714285714285715,0.4670329670329671,10.933568658723457,0
9,0,1,3,0.4,2,0,8,333,228,0.68,9,8,6,0.6736842105263158,0.6523809523809524,1.7096332626144397,0.08906601449887419,0.10403498037850759,0.10041287105879354,0.06249999999999999,0.0708475504082286,0.19810909550298356,6.4945684523809515,12.666666666666664,1.2904761904761906,7.703564224061925,1
7,1,2,1,0.49,1,0,14,505,413,0.82,5,9,2,0.8,0.7022357723577236,1.9334583279994706,0.08953235576333317,0.09318635075283196,0.12958541075794183,0.06249999999999999,0.060118848729572474,-0.061901091756020425,8.908590367965367,16.666666666666664,0.5952380952380952,10.881730646804176,0
17,0,4,0,0.51,0,0,8,506,421,0.83,4,7,10,0.8031496062992126,0.6625475285171103,1.8620513662692297,0.09170576660872333,0.10339295916092717,0.10947173468765498,0.06249999999999999,0.061848965805769575,-0.23459488244175858,9.25167055167055,16.93333333333333,0.580952380952381,10.901146236299857,0
12,1,5,2,0.47,2,0,10,354,269,0.76,4,7,3,0.7592592592592593,0.6386861313868614,1.8798900676838448,0.09144164851780533,0.0931818996827197,0.1292612392463991,0.07142857142857142,0.06954331367963945,-0.18522503528914958,8.165105727605729,16.615384615384617,0.4807692307692307,10.069237264283704,1
10,0,3,3,0.53,5,0,17,430,337,0.78,5,7,8,0.7441860465116279,0.6115241635687733,1.9561198890142761,0.07417776187175604,0.08323483882940952,0.14515688437746643,0.06249999999999999,0.06201711674081377,-0.21453597519911055,8.854200487012987,17.200000000000006,0.5476190476190476,11.029357767201017,0
15,1,7,2,0.57,1,0,12,547,476,0.87,7,9,2,0.8,0.7195431472081218,1.7936073707458857,0.0904590278691994,0.1003874057601521,0.1353210738478947,0.0625,0.06992630292662838,-0.1262578789050021,8.116612554112553,13.999999999999998,0.6190476190476191,8.91690558659868,1
6,0,1,0,0.43,3,0,16,350,268,0.77,5,8,1,0.6881720430107527,0.5609756097560976,1.6308791170760564,0.08896064493417946,0.09593295585847508,0.1342822685432824,0.06250000000000001,0.06201583130167261,-0.17421121694284844,6.280877976190477,12.4,0.6857142857142858,8.67505824747053,0
18,1,10,2,0.46,1,0,7,446,377,0.85,8,9,2,0.7777777777777778,0.701171875,1.959835241157507,0.08748811902881637,0.09612072534461774,0.15780512815380138,0.06249999999999999,0.05921744307745801,-0.26434823737633983,9.399080086580087,16.8,0.580952380952381,11.013020352434857,0
13,0,8,1,0.54,1,0,5,521,466,0.89,5,7,2,0.8,0.6314699792960663,1.7328679513998633,0.09085912896959047,0.10112998496455242,0.12770837573749294,0.06666666666666667,0.0674566409860005,-0.23757964669104156,8.866091871091871,17.142857142857142,0.4945054945054944,10.673232323232323,0
16,1,4,0,0.58,1,0,11,639,570,0.89,6,10,1,0.8387096774193549,0.7448979591836735,1.907283999321379,0.08528625940239914,0.10254107650491115,0.16154869208371248,0.06666666666666667,0.0690990618912746,-0.1471716919340594,9.37002664002664,17.714285714285715,0.532967032967033,10.697195824172537,1
6,0,2,0,0.42,3,0,6,445,359,0.81,5,8,1,0.7777777777777778,0.6614077669902912,1.9606956234588968,0.09625591681822183,0.10249649805065487,0.14124613320040288,0.07142857142857142,0.07878411752860479,-0.24771415865387397,8.338876004947434,16.615384615384617,0.47435897435897434,10.120727917406473,0
9,1,2,1,0.43,2,0,7,443,379,0.86,6,8,9,0.7692307692307693,0.6765327695560254,1.9305992143940096,0.08955571737566584,0.0947012633094585,0.13081841974817537,0.06666666666666667,0.05632127762646767,-0.01906946390196605,7.938333333333333,16.714285714285715,0.48351648351648363,10.000296980833804,1
14,0,9,6,0.57,2,1,18,558,497,0.89,7,8,6,0.8333333333333334,0.7385844748858448,1.7968719848695855,0.10238115759121585,0.11339689499213164,0.1314282657186315,0.07142857142857142,0.0802073641857266,-0.3785474519773012,9.351794039294038,16.615384615384617,0.48717948717948717,10.165292166030826,0
17,1,7,1,0.58,2,0,9,666,609,0.91,5,9,3,0.8493150684931506,0.7082717872968981,2.047239573895154,0.08809210523699298,0.0902105708508774,0.11609409714932067,0.0625,0.06461623997847844,-0.20899978532099633,10.08923402985903,19.466666666666665,0.4571428571428572,11.660426539330158,1
14,0,6,3,0.42,1,0,10,425,352,0.83,4,9,2,0.7899159663865546,0.7112244897959183,1.9394543336976175,0.0816235796877341,0.0881342805780311,0.1306802295263866,0.07142857142857142,0.06262385473997653,-0.248556960580522,9.210945205588063,18.30769230769231,0.40384615384615385,10.594213921613305,0
14,1,7,1,0.62,3,2,14,531,447,0.84,7,9,1,0.8403361344537815,0.6933471933471933,1.8525351810934862,0.08301308948778842,0.0961686616492464,0.12242888687249348,0.062499999999999986,0.05960649093765187,-0.20974091114594756,9.465943778443778,15.866666666666664,0.6238095238095237,10.725011712380182,0
12,0,4,1,0.38,1,1,11,261,177,0.68,5,6,4,0.6987951807228916,0.573076923076923,1.5568671541020582,0.09507244955365547,0.10053367979089162,0.15760657569430628,0.07142857142857142,0.06203732929025677,-0.16456868895632124,6.562128942486084,12.76923076923077,0.5641025641025641,8.75399359020304,1
23,1,15,1,0.57,1,0,9,572,488,0.85,5,9,2,0.8307692307692308,0.7061567164179104,1.9164326262197444,0.09603707238666265,0.09366375726929047,0.10579640335779247,0.0625,0.0626722917156375,-0.13734228860566983,9.309862012987011,17.333333333333332,0.5476190476190477,11.11859152891396,1
7,0,2,3,0.43,2,0,10,369,288,0.78,5,6,5,0.7474747474747475,0.5269886363636364,1.5607104090414063,0.10253719401305182,0.09852657119606822,0.11684054304867939,0.06666666666666667,0.05959277600160955,-0.10438734406396787,7.375728715728716,14.142857142857144,0.653846153846154,9.689769471989152,0
16,1,7,1,0.57,2,0,8,612,538,0.88,5,10,1,0.8227848101265823,0.7090663058186739,2.043278857694597,0.07282283769400577,0.08236869835028567,0.1368858172798309,0.0625,0.06175497047424442,-0.2031314947777975,10.359796106671107,21.066666666666666,0.39047619047619053,12.183218938709249,1
11,0,3,0,0.43,2,0,19,439,371,0.85,4,10,1,0.7794117647058824,0.6524701873935264,1.8889283618432269,0.08119189609397459,0.086753932029754,0.10103392688507024,0.06249999999999999,0.05972832604707217,-0.16184249849565954,9.4373361013986,18.13333333333334,0.5,11.298436126996497,0
28,1,9,1,0.65,0,0,7,726,657,0.9,5,10,2,0.9210526315789473,0.7365308804204993,2.0865717262118766,0.09021503422640105,0.09512014603532418,0.10538851985937467,0.06249999999999999,0.060678979617048004,-0.1725959390467462,10.620867673992674,20.266666666666662,0.4380952380952381,11.824648269612261,1
1,0,0,0,0.35,3,1,11,320,243,0.76,5,6,15,0.7474747474747475,0.584319526627219,1.7298201303799214,0.08734734045923757,0.09722994759442521,0.10947854363584639,0.06666666666666667,0.07844031406304233,-0.1509595304612924,7.5466137566137546,14.142857142857144,0.6978021978021978,9.612438405689806,0
12,1,2,0,0.6,1,0,16,651,593,0.91,6,8,5,0.7719298245614035,0.7302483069977427,1.8854542130678023,0.0885985692616767,0.09192830292332,0.1535732753502722,0.07142857142857141,0.07062880506911878,-0.08956616290410538,8.641445062873633,17.538461538461537,0.4487179487179487,10.358126153172593,0
11,0,5,2,0.4,1,0,17,335,288,0.86,5,7,4,0.6666666666666666,0.562206572769953,1.8028451856568957,0.07321038394559609,0.10254157087566496,0.13865995501613626,0.06249999999999999,0.05312937940951826,-0.02881212120894044,7.941984577922077,15.200000000000001,0.6476190476190474,10.425048743527004,0
30,1,13,4,0.68,3,0,12,720,629,0.87,8,10,1,0.855072463768116,0.7523885350318471,1.984314853169552,0.08736238297384462,0.08605041644379502,0.10955934177584037,0.06666666666666665,0.05955009325075492,-0.12275657119672574,9.873688718688719,19.714285714285708,0.4010989010989011,11.317371262769026,0
4,0,0,2,0.32,4,0,7,246,177,0.72,5,6,5,0.5641025641025641,0.5046728971962616,1.5399605735118704,0.09387755419374297,0.1065405865644499,0.13059018989060936,0.07142857142857141,0.06544781650458889,-0.12264769165500594,6.1945578231292515,12.0,0.7628205128205127,8.733868263136335,1
17,1,6,6,0.51,1,0,16,464,402,0.87,4,8,12,0.7407407407407407,0.6452464788732394,1.9158043218026215,0.07199827993790847,0.08079254843181694,0.1260983632139469,0.0625,0.05887030865308679,-0.11560537205403762,9.213399621212123,18.0,0.5047619047619049,11.273302034858098,1
9,0,3,3,0.49,4,1,8,456,386,0.85,6,8,1,0.7301587301587301,0.6274131274131274,1.9170586427329364,0.07412449309155578,0.08666264312988556,0.13175793336058073,0.062499999999999986,0.05868762405324761,-0.22778269233387852,8.783617424242426,16.799999999999997,0.561904761904762,10.9883157919236,0
16,1,6,1,0.39,2,0,9,393,321,0.82,5,9,1,0.8539325842696629,0.8211009174311926,1.89088471832497,0.11039777982480622,0.11447479962703455,0.1405057209885728,0.09090909090909093,0.09029121355665459,-0.13438625658077377,8.173448773448774,17.8,0.2333333333333333,9.368298368298369,0
9,0,2,4,0.61,2,0,12,665,596,0.9,6,8,1,0.8787878787878788,0.6942078364565588,1.9625340188622489,0.08875562706781055,0.09107960235261128,0.12212911689557515,0.06666666666666667,0.07023448362755108,-0.20764504120803629,9.745095645095644,18.857142857142858,0.4340659340659341,11.064952934921976,0
6,1,4,4,0.54,3,0,20,427,362,0.85,5,8,5,0.7482014388489209,0.6308089500860585,1.9697226760709192,0.0834672963475674,0.07837571596648228,0.10115437752624398,0.0625,0.05657289724182163,-0.2017437092022649,9.184034021534023,18.53333333333333,0.4809523809523809,11.399334624634125,0
5,0,2,0,0.46,6,1,14,349,274,0.79,5,7,3,0.6727272727272727,0.5844155844155844,1.7142006271844212,0.07977581930776294,0.08070020100015214,0.1153739660629452,0.0625,0.05939997045610634,-0.13259861294613606,7.908812194749696,14.666666666666666,0.6857142857142858,10.250710596950034,0
8,1,3,3,0.47,0,0,15,441,355,0.8,4,7,4,0.8,0.6460905349794238,1.9188422551115232,0.0803965650758096,0.08432217407933545,0.13348225616209553,0.06666666666666668,0.07046607654590598,-0.1743581528339256,8.782145262145264,17.857142857142854,0.4670329670329671,10.832831308100523,0
21,0,9,1,0.53,0,0,13,444,373,0.84,5,10,1,0.8103448275862069,0.7484472049689441,1.9464756298459476,0.08756199012410804,0.09312968970577423,0.1396609461158966,0.07142857142857144,0.07124000322917345,-0.24704143853946783,9.153535353535355,17.846153846153847,0.4615384615384615,10.41613539303667,1
9,1,5,4,0.49,3,0,26,394,330,0.84,5,8,1,0.7272727272727273,0.5884146341463414,1.9224011112096215,0.08190452977783574,0.09786295300923264,0.11907217899891362,0.0625,0.06188153847049266,-0.2551349219564604,8.383425775613276,16.133333333333333,0.5190476190476191,10.337453927609726,0
13,0,4,2,0.51,3,0,11,450,387,0.86,5,8,2,0.8103448275862069,0.6350446428571429,1.770403404000146,0.09030352162694623,0.08176381628459625,0.11720916781526991,0.06666666666666667,0.0671583002422667,-0.2529311082718736,8.65934065934066,16.57142857142857,0.5164835164835164,10.576580565379192,1
13,1,4,1,0.55,3,0,11,645,576,0.89,5,9,5,0.8292682926829268,0.7555147058823529,1.9968965608922895,0.1036818390795829,0.10831769082761457,0.1281835034858006,0.07142857142857142,0.07101174569741955,-0.2878673395368321,9.78762368583797,18.923076923076923,0.3846153846153846,10.786102156693758,0
14,0,5,0,0.45,2,0,7,476,402,0.84,5,9,2,0.6833333333333333,0.6481481481481481,1.766648752680641,0.08146155375939093,0.09511483484631306,0.11034185907870761,0.062499999999999986,0.06796549800693832,-0.05340104621304605,7.996341852591853,15.999999999999998,0.6714285714285714,10.409291051966424,1
21,1,8,3,0.4,0,0,12,402,342,0.85,5,8,5,0.7192982456140351,0.6041666666666666,1.767611917652557,0.09523226890540894,0.09989275388704914,0.1227129810298857,0.0625,0.05611768108515476,-0.27468705151691336,8.691443452380954,15.2,0.6142857142857144,10.66856637010902,1
7,0,3,3,0.6,1,0,8,552,501,0.91,5,9,2,0.7603305785123967,0.6583333333333333,1.9550839066643968,0.09084880420127632,0.08572215040713951,0.13921402484910606,0.06666666666666667,0.04989645705529571,-0.15523209158331083,8.641969696969698,17.285714285714285,0.510989010989011,10.620400940349791,0
12,1,3,2,0.38,1,0,10,318,257,0.81,6,8,1,0.7522935779816514,0.6139705882352942,1.8224566865052352,0.09674091370851857,0.09340263948034488,0.11453953258367547,0.06666666666666667,0.05874802409528696,-0.21326028840029096,8.12388888888889,15.571428571428571,0.6043956043956044,10.05549395191339,0
17,0,5,1,0.62,1,0,10,742,676,0.91,8,9,2,0.8609271523178808,0.7320169252468265,2.021564036796966,0.07977831834331461,0.0910813364629563,0.143534655403069,0.0625,0.058917375182391096,-0.21626621154069897,10.473050907425907,20.133333333333336,0.4285714285714285,11.935819189335813,1
24,1,9,3,0.57,2,0,4,655,590,0.9,6,10,1,0.8275862068965517,0.6940740740740741,1.9711529359097626,0.09088180760583003,0.10023252534781105,0.10438516558336594,0.0625,0.05415405962124176,-0.19410001740119937,9.985896915584414,19.333333333333332,0.4571428571428571,11.611593770716802,1
8,0,1,4,0.43,1,0,15,338,279,0.83,5,7,1,0.6792452830188679,0.5384615384615384,1.6053495450894943,0.07789520343186705,0.07998082790295913,0.11869225682878032,0.06249999999999999,0.05886684237711143,-0.21493059652956,8.131635551948051,14.133333333333333,0.6619047619047621,10.300163764578267,0
11,1,1,5,0.41,2,0,16,303,240,0.79,8,8,4,0.68,0.6194690265486725,1.8432917226717391,0.08181335222908578,0.09252156642246301,0.10830992698915062,0.06249999999999999,0.07149173907470363,0.14094758122379814,6.8698660714285715,13.333333333333334,0.9190476190476189,9.070764337452868,0
15,0,7,1,0.59,3,0,11,583,518,0.89,6,8,6,0.8275862068965517,0.7641509433962265,1.974085647480791,0.09732785536788875,0.08932526413597741,0.12473482768555133,0.07142857142857144,0.07656791571382973,-0.17338573361857768,9.098881673881674,17.846153846153847,0.4358974358974358,10.48868152177312,1
14,1,7,1,0.5,5,1,10,388,321,0.83,5,8,2,0.7758620689655172,0.6460674157303371,1.8357516105756693,0.08874096790647369,0.09481814107009454,0.13872598113529042,0.0625,0.048745854727570245,-0.23102514071507918,8.470655559718061,15.466666666666665,0.5666666666666668,10.000274264704201,0
13,0,4,2,0.5,1,0,13,451,369,0.82,5,9,1,0.7804878048780488,0.652542372881356,1.7643322000587909,0.08982830727464283,0.08819980548641479,0.11635317936612968,0.06249999999999999,0.05600919841535533,-0.07630374451402766,8.35890376984127,16.4,0.5666666666666667,10.904091668565354,0
19,1,8,1,0.53,2,0,3,488,409,0.84,6,9,1,0.7567567567567568,0.6767337807606264,1.7577534949380489,0.0895172441798516,0.09512664061074873,0.1253876441896394,0.062499999999999986,0.07395404514225817,-0.24698494312955263,9.135442162004662,14.799999999999997,0.6,9.866447690596296,1
2,0,1,1,0.47,1,1,14,411,331,0.81,6,7,7,0.8,0.65375,1.7966730866064289,0.09489929284689361,0.09499091962754172,0.11994616005411321,0.0625,0.05765690321576504,-0.1071650715934244,8.285540674603176,14.666666666666668,0.6142857142857144,9.780646025726117,0
7,1,4,1,0.51,3,0,14,395,314,0.79,5,7,9,0.7878787878787878,0.7173295454545454,1.7628461151770658,0.1007207803787538,0.11470463297195585,0.1374883722928128,0.07142857142857142,0.07327863849512814,-0.282338737185529,8.435899814471243,15.23076923076923,0.46153846153846145,9.335919514258794,1
11,0,5,0,0.49,4,0,16,439,344,0.78,6,9,1,0.693069306930693,0.6102564102564103,1.589026915173973,0.08806961656513317,0.0965887053342918,0.12873750003899204,0.06666666666666665,0.06866977335255908,-0.1653034826953879,7.332679172679173,14.428571428571432,0.7637362637362637,9.215704735045065,0
9,1,1,1,0.4,7,1,10,274,199,0.73,4,8,3,0.7415730337078652,0.6600660066006601,1.7670091910745693,0.08795890451571756,0.10337201941012392,0.12174093665800742,0.0769230769230769,0.08122913159938641,-0.16410313677684865,7.545421245421247,14.833333333333334,0.5606060606060606,9.006183104820876,0
10,0,11,1,0.6,3,0,14,587,516,0.88,4,9,1,0.8,0.6777251184834123,1.9646228081748136,0.08239883279591409,0.0855632614302326,0.11908991540409283,0.0625,0.06033506323591824,-0.24307564663517303,9.164420995670996,18.0,0.45238095238095233,10.79628068881405,0
11,1,7,0,0.62,1,0,5,822,743,0.9,7,8,4,0.8617886178861789,0.7377690802348337,1.823959598491889,0.09934183840497103,0.11666301482481199,0.1382426316724098,0.07142857142857142,0.07482412692088553,-0.19937583558196295,9.289687693259124,18.92307692307692,0.37820512820512825,10.80229906607952,1
6,0,4,1,0.38,1,0,8,419,365,0.87,5,8,3,0.7130434782608696,0.6383720930232558,1.8128839989506103,0.09087419210877379,0.10125396172970254,0.12604916341195377,0.0625,0.061406917496883665,-0.12236430368760311,8.346611201298701,15.333333333333332,0.6380952380952379,10.537213672627292,0
9,1,3,0,0.41,2,0,11,411,353,0.86,6,7,6,0.7796610169491526,0.620137299771167,1.882732625313426,0.09219241725088004,0.10637994415772095,0.12658294229521874,0.06666666666666667,0.05851515259559902,-0.13387842911381798,8.375769230769231,16.857142857142858,0.5054945054945055,10.594351986686082,0
16,0,3,4,0.59,1,0,13,637,574,0.9,5,10,2,0.8,0.6841155234657039,1.863319530405836,0.0886257169284966,0.08448734892400707,0.14117043770847038,0.06250000000000001,0.0665268854959478,-0.2351540607795104,9.433583603896105,17.333333333333332,0.5285714285714285,11.216410248603342,1
12,1,4,1,0.41,4,0,13,380,326,0.86,6,7,3,0.7563025210084033,0.599128540305011,1.770612329505103,0.08367478223809516,0.09747329056714388,0.12459916843030758,0.06249999999999999,0.06243205639289198,-0.22483535218636927,8.465219155844155,15.866666666666665,0.6285714285714286,10.57182359815369,1
8,0,5,5,0.59,5,1,12,541,481,0.89,6,9,4,0.7971014492753623,0.6988255033557047,1.988027638675229,0.08437750503027217,0.098323233122732,0.11524779994440679,0.062499999999999986,0.0609157156354688,-0.11056237690099567,9.59476409007659,18.4,0.49047619047619057,11.408128749444586,0
22,1,8,0,0.63,1,0,4,717,650,0.91,6,10,1,0.8444444444444444,0.6975736568457539,1.869602794965095,0.09149744160581881,0.09650588081429394,0.13177999564213808,0.0625,0.05874673147195944,-0.16670179606851393,9.634300595238095,18.0,0.5238095238095237,11.291550864276838,1
6,0,4,4,0.37,1,0,11,409,332,0.81,6,7,4,0.7933884297520661,0.6635416666666667,1.8762735844302758,0.08703772112783471,0.09223568333237567,0.11235939314490978,0.06666666666666667,0.06528483572074015,-0.2230446040750434,8.936669996669997,17.285714285714285,0.49450549450549464,10.722195824172537,0
10,1,5,1,0.47,0,0,14,507,431,0.85,4,8,2,0.8392857142857143,0.7304250559284117,1.933809998920632,0.09995810976748881,0.10113607742268427,0.1124653739972841,0.07692307692307691,0.07953507980276676,-0.15261683258110675,8.804334554334556,18.666666666666668,0.33333333333333337,10.235962077138547,0
14,0,1,1,0.53,1,0,11,563,481,0.85,6,8,10,0.8345323741007195,0.7263071895424836,2.084751202021062,0.07565775442338887,0.07862279061539196,0.11277025660529363,0.06249999999999999,0.06875162827783962,0.027506369990370032,9.255155434842935,18.533333333333328,0.5333333333333333,11.167797757468016,0
13,1,6,1,0.52,3,0,17,453,396,0.87,5,6,15,0.7933884297520661,0.6122004357298475,1.8140608474723092,0.08616892823285587,0.08900968196911974,0.11155916882683439,0.0625,0.0566646249158546,-0.09421189410378371,8.472991071428572,16.133333333333333,0.6428571428571429,10.530570205284164,1
10,0,3,3,0.48,4,0,6,444,377,0.85,4,7,10,0.7777777777777778,0.6496350364963503,1.8382458837011377,0.08711649366621915,0.10457676925627078,0.12680707681802186,0.06666666666666667,0.068946197879304,-0.16742124097632685,7.864126984126985,15.428571428571427,0.5164835164835165,9.690834006961083,0
6,1,1,4,0.39,2,0,8,285,181,0.64,5,7,2,0.7126436781609196,0.5496575342465754,1.7909264476830713,0.0951548103288188,0.09270696502173295,0.13615232476314998,0.07142857142857142,0.07583255329278493,-0.30955432420130513,7.3228458049886616,13.384615384615387,0.6666666666666666,9.095636059846585,1
10,0,5,4,0.61,4,1,23,539,446,0.83,6,9,2,0.8253968253968254,0.6787762906309751,1.9430410537817417,0.08929114305753957,0.09532646008576029,0.10314030099426819,0.06666666666666667,0.06824869537063111,-0.11567508064961518,8.778624338624338,17.999999999999996,0.47252747252747246,10.81995296211543,0
16,1,5,6,0.55,2,0,14,482,400,0.83,4,7,12,0.8141592920353983,0.6628959276018099,1.871130106462827,0.09381836588029191,0.10398018325276102,0.14293059283878612,0.07142857142857142,0.06178107969734434,-0.2097359699518339,8.646750669964954,17.384615384615387,0.44871794871794873,10.273920373572077,0
2,0,0,1,0.45,7,1,5,416,333,0.8,7,6,6,0.673469387755102,0.5676100628930818,1.579631979156151,0.10023266939392692,0.10170476462332817,0.12977028498319254,0.06249999999999999,0.052822883462593756,-0.14217533842756921,6.945501893939394,13.066666666666666,0.842857142857143,9.513777466127763,0
12,1,7,2,0.44,2,0,10,409,359,0.88,5,7,5,0.7256637168141593,0.5655555555555556,1.6371828196709366,0.08963894274731257,0.0915186452195307,0.13975820358721627,0.0625,0.052139709733600825,-0.21307518776921408,8.349995837495836,15.066666666666666,0.6666666666666669,10.32293159561382,0
11,0,4,0,0.56,2,0,7,564,501,0.89,6,9,3,0.8435374149659864,0.7277448071216617,2.07168220639387,0.08543469640139004,0.10189117904451195,0.10539786659970804,0.06249999999999999,0.05963156756915886,-0.0701952648365253,9.852317994505494,19.599999999999998,0.4666666666666667,11.581400440063831,1
21,1,7,2,0.72,0,0,7,652,593,0.91,5,8,3,0.8827586206896552,0.6717325227963525,1.8537883545866571,0.09518837088139054,0.09109708144310781,0.11309601830901525,0.062499999999999986,0.05143861883981132,-0.2699309699702059,10.154618818681318,19.333333333333336,0.45238095238095244,11.68771987535953,1
2,0,2,2,0.28,3,0,13,240,169,0.7,5,6,2,0.6136363636363636,0.48854961832061067,1.5607104090414063,0.08816775762343858,0.09137213816769091,0.11058384962139536,0.06666666666666667,0.07019410833126641,-0.16916219665689025,6.494232804232805,12.571428571428573,0.7582417582417582,9.237391304347826,0
17,1,4,5,0.49,4,0,14,472,400,0.85,4,8,7,0.8194444444444444,0.6918876755070202,2.0088694921759522,0.08499387185946009,0.08722019210474721,0.12200393492581019,0.06249999999999999,0.05711839728886073,-0.16944554048388943,9.851046002608504,19.199999999999996,0.48095238095238096,11.548894911582005,0
7,0,4,2,0.51,6,0,16,420,356,0.85,6,9,2,0.8351648351648352,0.8423423423423423,1.9073206367360132,0.10618515726161101,0.10790124510172751,0.1285898023778516,0.0833333333333333,0.08186497269372472,-0.2711578578857804,8.221891534391535,16.545454545454547,0.28181818181818186,8.951831501831503,0
21,1,7,2,0.69,0,0,2,798,724,0.91,5,8,4,0.8888888888888888,0.7181818181818181,1.8858975291732412,0.08716194662501327,0.11182259598578068,0.13310794655958635,0.0625,0.060332104917546675,-0.15051883908263455,10.011664724164723,19.200000000000003,0.46190476190476193,11.62747333655262,1
7,0,3,2,0.31,0,0,6,314,243,0.77,6,6,7,0.7450980392156863,0.5,1.6159980214903853,0.10423939452230316,0.11153267423058431,0.13706420486785637,0.06249999999999999,0.04433782540765187,-0.2861054350405463,7.751703678266179,13.6,0.6619047619047621,10.275770244248504,0
6,1,2,1,0.39,0,0,9,312,230,0.74,5,7,11,0.6666666666666666,0.5701058201058201,1.756206934156495,0.08074412652127659,0.08709334603759672,0.10962992603262048,0.06249999999999999,0.06360096215683361,-0.14324232224730168,7.765679112554112,14.399999999999997,0.719047619047619,10.07049584648638,0
21,0,4,2,0.61,0,0,9,633,544,0.86,6,9,2,0.8153846153846154,0.6742700729927007,1.987498839229387,0.0955087896501616,0.09207305451831636,0.10650834405956094,0.0625,0.06791133106364075,-0.0862479197265197,9.148849067599068,17.333333333333332,0.619047619047619,10.75361326316704,1
7,1,2,1,0.44,1,0,14,377,298,0.79,5,8,2,0.6666666666666666,0.5686746987951807,1.7131166774053646,0.08781956413095979,0.08704031611134416,0.10730251857386877,0.062499999999999986,0.06563465653983974,-0.1733281810394123,8.30299336080586,14.799999999999999,0.5571428571428573,9.945209367291746,0
14,0,3,3,0.56,3,0,18,519,463,0.89,4,9,1,0.7619047619047619,0.6444672131147541,1.7955518196758784,0.08310156688227496,0.10153145513611925,0.14533123814408702,0.06249999999999999,0.061098999696656574,-0.06628813993047472,8.55966810966811,16.8,0.5571428571428573,10.964711677211675,1
19,1,2,1,0.53,2,0,6,624,554,0.89,5,9,2,0.8345323741007195,0.7389885807504079,1.9626389696046709,0.0847058051880801,0.09313020550932356,0.1050269874963625,0.06666666666666667,0.07500025975173527,-0.026664354722561883,9.69171717171717,19.857142857142858,0.3956043956043956,11.387059007085256,1
10,0,2,1,0.47,1,0,6,499,418,0.84,5,10,1,0.7903225806451613,0.6836734693877551,1.9730014063936128,0.08331604756040578,0.09701264552627328,0.11743600765915657,0.06666666666666667,0.07038844656558153,-0.2693848059583485,9.197594997594997,17.71428571428571,0.5109890109890111,10.629689516423262,0
14,1,3,1,0.58,0,0,13,511,431,0.84,7,7,6,0.7401574803149606,0.574487895716946,1.8375879714005614,0.08263020234436981,0.0749095528885852,0.13904092238551163,0.062499999999999986,0.05273786201516899,-0.2787439499086064,8.922537705350207,16.93333333333333,0.5523809523809524,10.931250017462832,1
11,0,4,5,0.42,3,1,11,373,285,0.76,5,8,4,0.7666666666666667,0.6723404255319149,1.9792045174343245,0.08138483143426392,0.08942782120651749,0.1336413474680943,0.06666666666666667,0.06735387724201902,-0.19808636358713508,8.907044252044253,17.14285714285714,0.5054945054945056,10.652275752544966,0
7,1,4,2,0.43,1,0,2,514,460,0.89,5,8,5,0.7518796992481203,0.6622103386809269,1.934647920701757,0.08076313828847545,0.08787781781201626,0.121084121321554,0.0625,0.06206823065868644,-0.17809938884796897,9.29236562049062,17.73333333333333,0.519047619047619,11.23318303549997,0
23,0,6,1,0.57,0,0,6,736,671,0.91,6,8,4,0.8811188811188811,0.7084639498432602,1.9803451412238091,0.08994931420823896,0.09796026381112713,0.1107300964675067,0.0625,0.059006424349176786,-0.25169686351071524,10.144481906981907,19.066666666666666,0.4619047619047619,11.69081636607212,1
28,1,13,0,0.67,1,0,3,679,604,0.89,7,7,14,0.8513513513513513,0.7105654761904762,2.0750322385164326,0.07720724526921524,0.08107861828558777,0.14732380148248936,0.0625,0.05649648478430544,-0.14508173401280466,10.00949102980353,19.733333333333327,0.44761904761904764,11.738609197819724,1
8,0,4,1,0.33,1,0,9,299,238,0.8,5,7,4,0.6595744680851063,0.6003236245954693,1.7630655152442922,0.09341530564449418,0.0998026155981884,0.11584484928530846,0.07142857142857142,0.07328510827299672,-0.12702240718793203,7.349314574314573,14.46153846153846,0.6153846153846154,9.333583178087823,0
6,1,2,3,0.46,1,0,12,465,414,0.89,5,8,2,0.8367346938775511,0.7663934426229508,1.8677533441017378,0.10424875400110542,0.105179377984089,0.1173748914638085,0.08333333333333331,0.08845709441537686,-0.08993943019703936,8.305489417989419,17.81818181818182,0.3181818181818182,9.635311837285522,1
18,0,10,3,0.54,2,0,8,540,486,0.9,4,10,1,0.8333333333333334,0.756152125279642,1.8749172331901105,0.09289341127068534,0.10093656134901197,0.13425170909169726,0.07692307692307693,0.07836098584438261,-0.3306715698252649,9.087176712176712,18.000000000000004,0.36363636363636365,10.13113553113553,0
10,1,13,5,0.52,3,0,10,424,325,0.77,4,9,3,0.7401574803149606,0.6644100580270793,1.9378050996480907,0.08721369381654794,0.08096518583538062,0.14776359587310414,0.06249999999999999,0.05663247764559155,-0.24605469787574505,9.211470994283495,16.933333333333334,0.5571428571428572,11.030937670710856,0
23,0,5,3,0.48,1,0,13,344,252,0.73,4,8,4,0.7387387387387387,0.6774193548387096,1.8989267893363286,0.09937472526770708,0.10465218942134519,0.1238555851996232,0.06666666666666668,0.05757729807585454,-0.24732107183531382,8.732065527065526,15.857142857142856,0.5879120879120878,10.233100272501897,1
17,1,5,1,0.68,3,0,9,708,657,0.93,5,9,7,0.8689655172413793,0.7474377745241582,1.9615551736696235,0.08452642541373707,0.09639921577093001,0.14229419403253563,0.06666666666666668,0.06980721678659994,-0.1445713871319363,10.32624949124949,20.714285714285715,0.3571428571428571,11.625442845469092,1
6,0,3,2,0.32,4,1,12,277,204,0.74,7,7,2,0.6896551724137931,0.6144578313253012,1.7108289711352969,0.09358771572219361,0.1084553478369723,0.16626406989324616,0.06666666666666667,0.06130482584791427,-0.15311415005224244,6.868477633477634,12.428571428571429,0.7692307692307692,9.293501072787944,0
8,1,6,7,0.52,2,0,17,404,314,0.78,6,8,2,0.7433628318584071,0.6347438752783965,1.8213144407101964,0.08809720214306409,0.09836023336183888,0.11215864009901072,0.06666666666666667,0.06176549552872714,-0.24086470464370519,8.382376882376882,16.142857142857142,0.5824175824175825,10.20216712077999,0
11,0,5,1,0.48,4,0,10,373,288,0.77,5,7,8,0.7241379310344828,0.6352272727272728,1.8791097582677732,0.08125658358611186,0.09419955081624026,0.10922709221279867,0.0625,0.0680396696852747,-0.1847621064926354,8.482093253968253,15.466666666666663,0.6761904761904762,10.410291761234856,0
6,1,5,7,0.54,2,0,6,595,507,0.85,5,8,4,0.819672131147541,0.6730382293762576,1.9997798018398245,0.09170473641893193,0.0934767316157786,0.1081211311885305,0.06666666666666667,0.08202576826707347,-0.13419986309554513,8.842710437710435,17.42857142857143,0.5,10.669448432818335,1
7,0,5,3,0.46,2,0,13,431,353,0.82,5,7,4,0.6666666666666666,0.5472972972972973,1.632465706282947,0.09575181406609727,0.08649655789100033,0.13133216091088878,0.06249999999999999,0.06116360129472432,-0.19338139961016818,7.6276492604617605,14.0,0.7047619047619048,10.132200739313433,0
11,1,4,2,0.4,1,0,15,376,295,0.78,5,9,1,0.6666666666666666,0.6069767441860465,1.740551231099735,0.08206058186778244,0.08248127401601406,0.1361230705498556,0.0625,0.0622666222200765,-0.17184665609025915,8.182625360750361,15.200000000000001,0.6380952380952384,10.485803066752725,0
17,0,5,2,0.6,1,0,11,485,418,0.86,4,9,1,0.8091603053435115,0.6506129597197898,1.731365911704867,0.09321540058224512,0.07865542106393714,0.11241489522292772,0.0625,0.06124114744315087,-0.2720407385570719,9.738804424741925,17.466666666666665,0.523809523809524,11.21197310507951,1
15,1,5,0,0.49,1,0,10,564,519,0.92,5,9,3,0.7407407407407407,0.665807560137457,1.911235010307559,0.08551211830798061,0.1001097011215085,0.1282765203117712,0.0625,0.05912479502266939,-0.07139196965319236,8.9746336996337,18.0,0.557142857142857,10.90384746832115,1
17,0,7,0,0.51,2,1,5,546,500,0.92,4,8,4,0.8085106382978723,0.6592844974446337,1.9538704314572772,0.08578504950605897,0.09812641899221139,0.1259162462273564,0.0625,0.05591181682210172,-0.13777605017249422,9.269382353757354,18.8,0.4714285714285715,11.466294625417655,0
11,1,5,1,0.32,1,0,7,227,162,0.71,4,7,4,0.6823529411764706,0.5580524344569289,1.762209094713631,0.09489118159941191,0.09581401326222294,0.1232756195261047,0.07142857142857142,0.06945391847280563,-0.26226160678143606,7.205638012780869,13.076923076923077,0.6666666666666667,9.098203979879171,1
21,0,17,0,0.68,0,0,6,681,618,0.91,6,8,2,0.875,0.7077625570776256,1.953090215546943,0.09355328972732754,0.08487239334100441,0.1333045069419282,0.07142857142857144,0.06727423027760371,-0.3382073925462066,9.081158524015667,17.23076923076923,0.4551282051282051,10.353442669974168,0
5,1,2,2,0.5,1,0,12,547,490,0.9,4,10,1,0.7777777777777778,0.66875,1.92711976456522,0.09057359724328984,0.09470035924903973,0.10635600398465955,0.0625,0.06415360569776689,-0.1408899323605872,9.622024676712178,19.2,0.4571428571428572,11.584202178895273,0
17,0,1,2,0.5,2,0,8,600,534,0.89,5,9,4,0.821917808219178,0.7263313609467456,2.086732449921984,0.08919808426005627,0.09393103073275945,0.11713727685014613,0.06249999999999999,0.05975393198528209,-0.09831707107964292,9.996132339882339,19.46666666666667,0.45238095238095244,11.704950071353693,1
7,1,5,8,0.38,3,0,12,300,236,0.79,9,8,4,0.6881720430107527,0.594632768361582,1.8421983256939538,0.08624076209005128,0.10106294789263469,0.11044103229935295,0.07142857142857142,0.06568699156224116,-0.0808429870354285,6.4278602350030924,14.307692307692307,0.6217948717948717,8.406143392211503,0
12,0,3,0,0.62,3,0,9,636,566,0.89,5,7,9,0.8,0.6309255079006773,1.6787639532481817,0.10822005154461674,0.10922292430321934,0.11726602212945186,0.06666666666666667,0.06894508539129068,-0.4127747323946818,9.447678062678062,15.714285714285714,0.5549450549450551,10.363396610244775,0
13,1,4,3,0.5,3,0,8,559,512,0.92,5,8,4,0.85,0.7066532258064516,1.9042931958614646,0.09985205437839068,0.1017634433010586,0.10633670560201353,0.06666666666666667,0.0718749502289821,-0.24217579883298634,9.319017094017092,17.14285714285714,0.5109890109890111,10.66307566328767,1
15,0,4,0,0.5,4,0,10,449,390,0.87,5,7,1,0.7521367521367521,0.5682819383259912,1.7624747216117735,0.06847735634121452,0.08899944390518684,0.13390774703998376,0.06249999999999999,0.05151949918496914,-0.2531964295199021,8.617559523809524,15.6,0.5904761904761906,10.727555958534218,0
15,1,8,3,0.57,3,0,14,497,422,0.85,5,10,1,0.8141592920353983,0.7549889135254989,1.8516602347717819,0.09242071957242855,0.09778352766432236,0.14373146793530367,0.07142857142857142,0.07211496302823975,-0.13822384906350593,8.748845598845598,17.384615384615387,0.45512820512820507,10.368360853113172,0
14,0,5,1,0.43,2,0,16,353,278,0.79,4,8,4,0.7192982456140351,0.5869565217391305,1.7623137103139594,0.08313232304724014,0.08522474820659846,0.13020939341891927,0.06249999999999999,0.06080077499952357,-0.12086255270637004,7.522581064768565,15.199999999999998,0.5666666666666668,10.061149284381482,0
12,1,8,0,0.54,6,0,12,507,436,0.86,6,8,1,0.7833333333333333,0.6736725663716814,1.8525351810934865,0.09228003396686757,0.08918093562028365,0.12228570539680694,0.0625,0.06024021958598102,-0.15239471470736873,8.578228021978022,16.000000000000004,0.6523809523809523,10.575871039715434,0
12,0,3,0,0.46,6,0,16,362,296,0.82,5,8,2,0.7647058823529411,0.6577540106951871,1.8458795109502997,0.08982291683992341,0.10358283414681677,0.128378829385271,0.07142857142857142,0.0770767177603971,-0.11310385652251513,7.966408987837559,15.692307692307693,0.5384615384615384,9.795909990235605,1
8,1,1,1,0.45,3,0,13,395,286,0.72,5,6,9,0.6990291262135923,0.5333333333333333,1.6569465500206217,0.07622063703758733,0.09124243180319017,0.14160591301960102,0.06666666666666667,0.059647299918638985,-0.17578447480149886,6.953369408369409,14.71428571428571,0.6153846153846154,9.9163431800846,1
14,0,4,4,0.55,1,0,13,553,433,0.78,6,7,4,0.7692307692307693,0.6344647519582245,1.6275426029622242,0.09461439710727033,0.111664076557032,0.12396236692233087,0.06666666666666667,0.06687972917193069,-0.20696607930857971,8.163451178451178,14.857142857142854,0.6483516483516485,9.90600392612134,0
6,1,1,4,0.34,1,0,18,303,232,0.77,5,7,6,0.7083333333333334,0.6257575757575757,1.7711911036245729,0.09151696933656091,0.09064548166606072,0.12105695860815445,0.07142857142857144,0.0754366316164497,-0.08317285680858398,7.201906823335394,14.769230769230772,0.5961538461538461,9.433535523980066,1
15,0,8,1,0.66,3,0,7,796,714,0.9,6,7,7,0.8450704225352113,0.6456628477905073,1.860957666997106,0.07692575872987967,0.0966269343560075,0.17202624947829195,0.06249999999999999,0.050335042116459304,-0.2641249457996094,9.63016774891775,18.933333333333334,0.4666666666666668,11.520436133279382,0
4,1,0,1,0.47,5,0,11,401,325,0.81,5,7,5,0.7191011235955056,0.6274193548387097,1.7710163687835907,0.10204269370828355,0.1210821216532209,0.1300404559135669,0.07692307692307694,0.08115384887996499,-0.11741102041357057,7.462104562104562,14.83333333333333,0.5378787878787878,9.043203597228365,0
9,0,3,5,0.53,4,1,19,478,407,0.85,6,9,2,0.8421052631578947,0.7472885032537961,1.833337528405379,0.1010500225612198,0.10589295583348525,0.14477183815762568,0.07142857142857142,0.06623042855445069,-0.2668037400263173,9.227236652236654,17.538461538461544,0.4487179487179487,10.42669340463458,0
11,1,5,2,0.36,1,0,11,255,164,0.64,5,8,1,0.7466666666666667,0.6458333333333334,1.8063026380406655,0.104732692527117,0.108165786741499,0.1897699489979679,0.08333333333333333,0.07641243535674914,-0.22395108192884297,6.354133597883597,13.636363636363638,0.4363636363636364,8.114857784236998,0
22,0,10,2,0.64,2,0,14,663,574,0.87,6,7,6,0.8571428571428571,0.75,1.92798008071787,0.1025240538168654,0.09825511331829317,0.12760536780873502,0.07692307692307694,0.08548392932200653,-0.3042566323578439,8.951184926184926,17.5,0.3863636363636364,10.015406162464986,0
3,1,0,2,0.36,3,0,16,388,317,0.82,6,9,1,0.7017543859649122,0.6802325581395349,1.885161421092338,0.08959241528149992,0.09030546866061323,0.11680104190529284,0.06666666666666667,0.06517404679853331,-0.06364553985981967,8.328121693121693,16.285714285714285,0.5494505494505494,10.37651958178274,0
15,0,6,3,0.64,1,0,9,684,640,0.94,4,9,2,0.8874172185430463,0.7707756232686981,2.015200786535395,0.09225324132676907,0.09832907998531348,0.11666088688336951,0.06666666666666667,0.06111035327058576,-0.14512328916432163,10.515916305916306,21.571428571428573,0.32417582417582425,11.897878944241175,1
9,1,7,3,0.48,0,0,9,459,367,0.8,8,7,4,0.78,0.6464788732394366,1.6866629226952439,0.08965498482633025,0.10762796458991207,0.13109397961757452,0.06249999999999999,0.06447261491761268,-0.08579018816533625,7.412790854978356,13.333333333333332,0.7952380952380951,9.261223388398665,0
12,0,7,1,0.52,0,0,10,545,452,0.83,5,9,8,0.7894736842105263,0.6933701657458563,1.976045191278022,0.0762807642926103,0.07722443204025589,0.10740200963390942,0.0625,0.057303016371891155,-0.1918961407519524,9.974927849927846,20.266666666666666,0.4238095238095238,11.886188779251437,1
22,1,7,1,0.57,4,0,12,683,628,0.92,8,8,6,0.8301886792452831,0.7553699284009546,1.9291301139553574,0.09280168601805824,0.09398518619232832,0.1435875310679355,0.07692307692307693,0.07435265325519334,-0.2013502266291512,8.841647241647241,17.666666666666664,0.3787878787878788,10.02068859932637,1
3,0,1,0,0.43,4,0,12,513,442,0.86,4,10,1,0.8062015503875969,0.6902985074626866,1.8443245172247171,0.07672074953298942,0.09492729486588919,0.14212760455347065,0.0625,0.06241101157802382,-0.3053385491541044,9.566103514541014,17.200000000000003,0.5666666666666669,11.171513178706272,0
16,1,7,0,0.42,3,0,17,310,253,0.82,4,8,2,0.7415730337078652,0.7057877813504824,1.8690255479898503,0.10227941012372435,0.09749501882094841,0.11548579855238579,0.08333333333333331,0.07836865282315278,-0.1334663032673113,7.729464285714286,16.181818181818183,0.3909090909090908,9.146036235006822,0
11,0,2,3,0.58,3,0,12,462,402,0.87,4,7,4,0.7551020408163265,0.6448467966573816,1.7647930527989906,0.11262854993568358,0.13176099014348558,0.13810546211412905,0.07692307692307691,0.07706312134993067,-0.19988952598556825,7.949572649572649,16.333333333333332,0.4393939393939394,9.550980392156864,0
8,1,4,0,0.51,1,0,6,542,478,0.88,5,9,1,0.7868852459016393,0.6640159045725647,1.8815689211321966,0.1014209028190034,0.10920263740423776,0.10954346166146992,0.06666666666666667,0.06735856324912358,-0.15435572784062732,8.926871461871462,17.428571428571427,0.5,10.632594885907578,1
15,0,6,0,0.49,1,0,9,516,434,0.84,5,8,4,0.7610619469026548,0.6948775055679287,1.8685612617888474,0.09514530722241385,0.10868803272917801,0.11696152767020207,0.06666666666666667,0.08643483750694805,-0.27942810997299006,8.891120731120733,16.142857142857142,0.5604395604395606,10.38301195651041,0
13,1,8,2,0.39,4,0,15,301,236,0.78,5,6,5,0.7710843373493976,0.6091954022988506,1.6769877743224173,0.10109665463846909,0.11175614791647785,0.14026442369194378,0.07692307692307693,0.08302744658335422,-0.15621201228479034,7.048168498168498,13.833333333333332,0.5757575757575758,8.846985109833406,0
7,0,3,1,0.61,5,0,17,522,445,0.85,5,9,2,0.8217054263565892,0.6988847583643123,1.907992743633801,0.09226817069666608,0.09718372924874527,0.1123918460796729,0.0625,0.06097148584106489,-0.12815415306775804,9.104230838605838,17.199999999999996,0.5904761904761905,10.78300297608447,0
9,1,4,0,0.59,1,0,10,538,475,0.88,7,7,3,0.75,0.6378299120234604,1.632049851017762,0.10026071518363482,0.10316088760313863,0.14299310790771408,0.06666666666666668,0.05352760503181758,-0.17535842474743263,7.537356902356903,13.714285714285715,0.752747252747253,9.336642299765149,0
7,0,0,3,0.41,1,0,13,444,380,0.86,5,8,4,0.85,0.7162698412698413,1.9197139550001485,0.08848580290873849,0.08861071875431606,0.12319542639442813,0.06666666666666667,0.06490674973162701,-0.15175637718510396,8.428258778258778,17.142857142857142,0.45604395604395603,10.226546234435805,0
12,1,8,2,0.61,3,0,9,718,627,0.87,5,8,9,0.8939393939393939,0.7755102040816326,2.063567272997206,0.09071595036765782,0.09033763305923917,0.1295893294112281,0.07142857142857144,0.06545145401818334,-0.11779007782982279,9.89582203510775,20.307692307692307,0.3205128205128205,11.143618683518064,0
7,0,2,5,0.39,5,1,10,435,355,0.82,7,7,4,0.864406779661017,0.6840425531914893,1.828184047619685,0.08503673715770038,0.10163020789132593,0.11643676820899565,0.0625,0.052732413852812,0.16125023202140923,7.824526515151514,15.733333333333334,0.7666666666666666,9.812361722945248,1
21,1,5,2,0.47,4,0,9,467,410,0.88,4,9,2,0.859504132231405,0.7609561752988048,1.9266857234455235,0.09187010219878988,0.09843577935359306,0.11916304145017455,0.07142857142857142,0.0771569331073429,-0.1057914965253894,9.318457534528964,18.615384615384617,0.3974358974358973,10.667216875308474,1
12,0,2,2,0.53,4,0,12,602,548,0.91,6,10,2,0.8148148148148148,0.8201357466063348,1.9218667484239726,0.09267448222835026,0.11089801124488644,0.15329380561660993,0.07142857142857141,0.07301596863875424,-0.1954448401769232,8.410338074623787,16.615384615384617,0.4230769230769231,9.83103395330116,0
18,1,6,0,0.7,0,0,14,749,670,0.89,5,9,1,0.8590604026845637,0.7224702380952381,1.9774842535660775,0.07688268890919106,0.07990324565357733,0.14585708268514785,0.0625,0.05064167355800177,-0.18351598303298958,10.21894268925519,19.866666666666667,0.442857142857143,11.825090496698094,1
7,0,2,2,0.3,0,0,6,286,204,0.71,5,7,2,0.6909090909090909,0.5053191489361702,1.6986410319046081,0.08397357134349093,0.07593658189131258,0.13097426046569266,0.06249999999999999,0.059630228548440675,-0.19781963578368614,7.517981150793652,14.666666666666666,0.661904761904762,10.397473844212973,0
14,1,7,3,0.66,1,0,11,707,649,0.92,6,10,1,0.8461538461538461,0.7767857142857143,1.8853156204811037,0.09361118803352675,0.09483418372918855,0.13146691751008402,0.06666666666666665,0.05664979811003702,-0.2794211078508103,10.01480056980057,18.571428571428566,0.4505494505494505,11.19757458216196,0
6,0,2,0,0.34,2,0,7,324,266,0.82,6,8,2,0.7070707070707071,0.6362359550561798,1.791759469228055,0.0971678302173085,0.09600652892677702,0.11507037790463531,0.06666666666666667,0.06299246193926897,-0.13782154710548614,7.0158417508417505,14.14285714285714,0.5439560439560439,8.77278773152004,0
12,1,5,1,0.59,2,0,12,570,488,0.86,8,9,2,0.796875,0.6894639556377079,1.9663324057020253,0.08695000629103722,0.09687473786505127,0.11348172211962212,0.06249999999999999,0.06498781891260771,-0.17934266553136816,9.253545066045065,17.066666666666666,0.5761904761904763,10.914167630187656,0
9,0,2,2,0.41,2,0,14,394,307,0.78,6,6,15,0.8222222222222222,0.7186495176848875,1.811437570806383,0.10734071679072482,0.11140047244887799,0.13394443671772907,0.08333333333333331,0.08395232681315042,-0.2125382317631551,7.814324795574795,16.363636363636363,0.3818181818181818,9.236766265210537,1
15,1,7,2,0.53,1,0,4,602,557,0.93,5,8,4,0.8648648648648649,0.7566666666666667,1.8325286013040714,0.09560003780784108,0.10315739943829176,0.15992282452969706,0.07142857142857142,0.06860925007831441,-0.27512476074188014,8.423232323232323,17.076923076923077,0.40384615384615374,9.923216063130328,0
8,0,2,0,0.47,0,0,4,436,384,0.88,6,6,20,0.7962962962962963,0.652542372881356,1.8636799873410004,0.09428796480507698,0.09633873673174764,0.13166117288504983,0.06666666666666667,0.06503527833403924,-0.18044432429081772,7.9857118807118805,15.428571428571429,0.510989010989011,9.781425488061418,1
16,1,10,4,0.66,3,0,10,600,518,0.86,6,10,1,0.8571428571428571,0.8233766233766234,1.8124205957482435,0.10442168561790421,0.09138819138347293,0.13748028234983775,0.07142857142857142,0.07310601246098056,-0.2017185960279746,7.4083900226757375,15.076923076923078,0.4294871794871795,8.967031935382579,0
4,0,4,2,0.34,1,0,13,274,196,0.72,5,7,5,0.6,0.5496794871794872,1.7670091910745693,0.08383766137458855,0.08684966752782049,0.12271831336676498,0.06666666666666665,0.07558327857756356,-0.08849581496743138,6.478189033189034,12.857142857142856,0.6868131868131868,8.804959417891004,1
8,1,4,6,0.47,2,0,17,405,333,0.82,4,9,3,0.7692307692307693,0.656188605108055,1.903789146951964,0.07891770036162307,0.08582358011565068,0.12750343289638452,0.062499999999999986,0.05960389460202071,-0.049529130937124716,8.68015873015873,17.333333333333332,0.5285714285714287,11.13470381004706,0
8,0,1,1,0.53,1,0,15,515,446,0.87,7,9,1,0.7244094488188977,0.6228239845261122,1.798207626870647,0.08494292551266093,0.08768607163394884,0.10438454255133653,0.06249999999999999,0.05117339846620266,-0.07545078931570748,8.615694028194028,16.933333333333337,0.5857142857142857,10.725986440460124,1
